{
  "mAP50_95": 0.36354966054345744,
  "mAP50": 0.6599638103025375,
  "mAP75": 0.36543099708457644,
  "mAP_small": 0.13897163758235723,
  "mAP_medium": 0.3165505081533429,
  "mAP_large": 0.4259364064405322,
  "Recall_1": 0.14901317862962382,
  "Recall_10": 0.4073292350497134,
  "Recall_100": 0.46388437166765895,
  "Recall_500m": 0.23901884394341294
}