{
  "mAP50_95": 0.35356288582515416,
  "mAP50": 0.6490294486589133,
  "mAP75": 0.34872535340986366,
  "mAP_small": 0.13781536635809127,
  "mAP_medium": 0.3152268306921957,
  "mAP_large": 0.40292167138970303,
  "Recall_1": 0.14560674935732165,
  "Recall_10": 0.4050188480262822,
  "Recall_100": 0.46297751261841213,
  "Recall_500m": 0.2572284324870532
}