{
  "mAP50_95": 0.3438824431059691,
  "mAP50": 0.6248065008596271,
  "mAP75": 0.3419906072973256,
  "mAP_small": 0.13120058703725807,
  "mAP_medium": 0.3028916224098045,
  "mAP_large": 0.3953619934242958,
  "Recall_1": 0.14416344732937708,
  "Recall_10": 0.3976330608397476,
  "Recall_100": 0.4569160411311014,
  "Recall_500m": 0.2502363189970948
}